cohort,cases,metric,value
validation,295,candidate_AUC,0.7816754501537111
validation,295,candidate_average_precision,0.6790680206063818
validation,295,locked_threshold,0.4620599448680877
internal_test,293,candidate_AUC,0.8195513893538667
internal_test,293,candidate_average_precision,0.7017678285576254
internal_test,293,mean_pancreas_Dice,0.7930287646420755
internal_test,293,mean_PDAC_lesion_Dice,0.4762657522289551
internal_test,293,locked_threshold_lesion_sensitivity,0.8045977011494253
internal_test,293,locked_threshold_false_positives_per_case,0.8498293515358362
MSD_EXTERNAL_MIXED,194,case_level_AUC,0.7699829931972789
MSD_EXTERNAL_MIXED,194,case_level_average_precision,0.7818016215755419
MSD_EXTERNAL_MIXED,194,mean_pancreas_Dice,0.766707310553357
MSD_EXTERNAL_MIXED,194,mean_PDAC_lesion_Dice,0.4739672040185311
MSD_EXTERNAL_MIXED,194,locked_threshold_lesion_sensitivity,0.8163265306122449
MSD_EXTERNAL_MIXED,194,locked_threshold_false_positives_per_case,0.7216494845360825
NIH_NEGATIVE_STRESS,80,mean_pancreas_Dice,0.8457923669474546
NIH_NEGATIVE_STRESS,80,locked_threshold_false_positives_per_case,0.975
NIH_NEGATIVE_STRESS,80,locked_threshold_negative_specificity,0.3875
