evidence_order,file_name,path,size_bytes,sha256,frozen_at_utc
1,stageR1a_train_only_ssl_protocol.json,/content/drive/MyDrive/PDAC_Public_Q1_Project/01_Metadata/stageR1a_train_only_ssl_protocol.json,1522,014ec036b98b3effb4a09f6aa25392aa6f295bc1784c62119d1937b240b9f898,2026-08-13T17:19:20.056404+00:00
2,stageR1a_train_only_ssl_training_audit.json,/content/drive/MyDrive/PDAC_Public_Q1_Project/02_Quality_Control/stageR1a_train_only_ssl_training_audit.json,2193,eba53862a3c4a234cf5e87e5e491f28656d1fc67ab6a8f22c6e7e9134dcc06fe,2026-08-13T17:19:20.058601+00:00
3,stageR1a_ssl_final.pt,/content/drive/MyDrive/PDAC_Public_Q1_Project/04_Models/Revision_R1/StageR1A_TrainOnlyMaskedContext3DCNN/stageR1a_ssl_final.pt,19807971,2b9c89b54b4ff07bfa059090d3461e7cf7515d110ca9b151237a8e0db6e97b87,2026-08-13T17:19:20.200254+00:00
4,stageR1b_dual_arm_training_protocol.json,/content/drive/MyDrive/PDAC_Public_Q1_Project/01_Metadata/stageR1b_dual_arm_training_protocol.json,1018,1a123c9c2aed41374a1b0ab22ac1eee6ff0f4b214ae628ad1231f61602a392e4,2026-08-13T17:19:20.202373+00:00
5,stageR1b_dual_arm_training_audit.json,/content/drive/MyDrive/PDAC_Public_Q1_Project/02_Quality_Control/stageR1b_dual_arm_training_audit.json,3555,e7aa6582567d0149bb816ef74374a52161174155fed6bf00d8bad0e36ca7fe3a,2026-08-13T17:19:20.204437+00:00
6,stageR1b_best.pt,/content/drive/MyDrive/PDAC_Public_Q1_Project/04_Models/Revision_R1/StageR1B_LeakageFreeDualArm/SSL_INITIALIZED/stageR1b_best.pt,19807417,f571a611c4125ef92b80c51e3276fb03a02d4073317aa2460dca1649ae655f81,2026-08-13T17:19:20.298575+00:00
7,stageR1b_best.pt,/content/drive/MyDrive/PDAC_Public_Q1_Project/04_Models/Revision_R1/StageR1B_LeakageFreeDualArm/RANDOM_INITIALIZED/stageR1b_best.pt,19807289,9ca78bb185ed3e4a4c6173daabdd91a6f0e83e25f3d2b713d42df7622e91d4b3,2026-08-13T17:19:20.393442+00:00
8,stageR1c_supervised_model_selection.json,/content/drive/MyDrive/PDAC_Public_Q1_Project/01_Metadata/stageR1c_supervised_model_selection.json,1170,59237975ac4cdfdde71b82464fa5b6f3b940c1b2ac1c2576ecce8121111ee4ec,2026-08-13T17:19:20.395346+00:00
9,stageR1c_full_validation_comparison_audit.json,/content/drive/MyDrive/PDAC_Public_Q1_Project/02_Quality_Control/stageR1c_full_validation_comparison_audit.json,3445,c3a9b8d4051366e554e4168c0f6e2472c7a77f9ad636952a9c5230a80cf96b7a,2026-08-13T17:19:20.396928+00:00
10,stageR1d_detection_and_froc_protocol.json,/content/drive/MyDrive/PDAC_Public_Q1_Project/01_Metadata/stageR1d_detection_and_froc_protocol.json,2791,6bafb5fc35287cd145df3ca750c2c9d0d7179506c86753933659c63d0d0d7b69,2026-08-13T17:19:20.398383+00:00
11,stageR1d_validation_froc_calibration_audit.json,/content/drive/MyDrive/PDAC_Public_Q1_Project/02_Quality_Control/stageR1d_validation_froc_calibration_audit.json,3055,fcbb641a189ec8e9039e498aaa30f7658937c7f8a0a057c27b78da283e88099e,2026-08-13T17:19:20.399959+00:00
12,stageR1d_validation_froc_operating_points.csv,/content/drive/MyDrive/PDAC_Public_Q1_Project/02_Quality_Control/stageR1d_validation_froc_operating_points.csv,513,9a02ef4fc536517afbbe5dc480ceb33e82aaf145255e4849b288846b3ffb0c6f,2026-08-13T17:19:20.401581+00:00
13,stageR1e_prefreeze_evidence_manifest.csv,/content/drive/MyDrive/PDAC_Public_Q1_Project/01_Metadata/stageR1e_prefreeze_evidence_manifest.csv,2662,8cad4a91e3c4a1c4f4507f93baecddb19160e6f8ed3b87f37efad5ef5ab5aaf1,2026-08-13T17:19:20.403528+00:00
14,stageR1e_prefreeze_model_threshold_lock.json,/content/drive/MyDrive/PDAC_Public_Q1_Project/01_Metadata/stageR1e_prefreeze_model_threshold_lock.json,1593,3722cfde6bb77d8ec1855f214d3f7ef3eec19bb57f723ffe856f20f6dbce3901,2026-08-13T17:19:20.407440+00:00
15,stageR1e_prefreeze_model_threshold_audit.json,/content/drive/MyDrive/PDAC_Public_Q1_Project/02_Quality_Control/stageR1e_prefreeze_model_threshold_audit.json,1928,da9471dce29ed24738b51f97cdcb278a191dd19efae96f9498e551756ab74b01,2026-08-13T17:19:20.409619+00:00
16,stageR1f_i_blind_internal_test_prediction_freeze.json,/content/drive/MyDrive/PDAC_Public_Q1_Project/01_Metadata/stageR1f_i_blind_internal_test_prediction_freeze.json,1766,3bbc7a48ddd54f9d7c85eeb2466193c3406d242a878bfb30c1e09f21fb1ee502,2026-08-13T17:19:20.411929+00:00
17,stageR1f_i_blind_internal_test_prediction_manifest.csv,/content/drive/MyDrive/PDAC_Public_Q1_Project/01_Metadata/stageR1f_i_blind_internal_test_prediction_manifest.csv,148654,3f2d35309014c760b8b81e97e1cec7fe1bdc1e5c47708e4ef1965586a2932297,2026-08-13T17:19:20.414626+00:00
18,stageR1f_i_blind_internal_test_inference_audit.json,/content/drive/MyDrive/PDAC_Public_Q1_Project/02_Quality_Control/stageR1f_i_blind_internal_test_inference_audit.json,1550,af1376e3f8d831482e62b0a92ee0be5e95eac87ac2aee82236b5d8b1f34e70dd,2026-08-13T17:19:20.416248+00:00
19,stageR1g_internal_test_evaluation_audit.json,/content/drive/MyDrive/PDAC_Public_Q1_Project/02_Quality_Control/stageR1g_internal_test_evaluation_audit.json,3668,77e7074e475a659b57f8cf448606f6fbce3df632fa9d72b7bb4a268944fe5479,2026-08-13T17:19:20.417996+00:00
20,stageR1g_internal_test_bootstrap_95ci.csv,/content/drive/MyDrive/PDAC_Public_Q1_Project/02_Quality_Control/stageR1g_internal_test_bootstrap_95ci.csv,907,9210107ac300706306744181290dfaa7524bb6bcd2f36ca08b3fac8b87b48efb,2026-08-13T17:19:20.419615+00:00
21,stageR1g_internal_test_froc_operating_points.csv,/content/drive/MyDrive/PDAC_Public_Q1_Project/02_Quality_Control/stageR1g_internal_test_froc_operating_points.csv,518,1b4cd1e107f2f05454a9e1854245bd7d227d4b96e2f9f02d8f358210ed519b05,2026-08-13T17:19:20.421238+00:00
22,stageR1h_blind_external_test_prediction_freeze.json,/content/drive/MyDrive/PDAC_Public_Q1_Project/01_Metadata/stageR1h_blind_external_test_prediction_freeze.json,1945,e8ba6ec23c668536b53e89f33845606c26756466a96815e7d7323b70b0af8d3a,2026-08-13T17:19:20.422793+00:00
23,stageR1h_blind_external_test_prediction_manifest.csv,/content/drive/MyDrive/PDAC_Public_Q1_Project/01_Metadata/stageR1h_blind_external_test_prediction_manifest.csv,141911,f152e013d4450d79ab99e7c4c2994f68fd310b34f533a642dd9501f7a7874766,2026-08-13T17:19:20.425269+00:00
24,stageR1h_blind_external_test_inference_audit.json,/content/drive/MyDrive/PDAC_Public_Q1_Project/02_Quality_Control/stageR1h_blind_external_test_inference_audit.json,1647,49ca54020aa43428112e484386da42e6ef447a1dce3f8c1cb56756e93562e491,2026-08-13T17:19:20.427570+00:00
25,stageR1i_source_separated_external_evaluation_audit.json,/content/drive/MyDrive/PDAC_Public_Q1_Project/02_Quality_Control/stageR1i_source_separated_external_evaluation_audit.json,2317,15c48f862fef3a077ce1e19d37e71a3db294b28ab1e4b49f41906abe40adad68,2026-08-13T17:19:20.429465+00:00
26,stageR1i_source_separated_external_summary.csv,/content/drive/MyDrive/PDAC_Public_Q1_Project/02_Quality_Control/stageR1i_source_separated_external_summary.csv,626,1b22d9fd9b83c4a7ee755851363911b5b5157b42b740b914df4223a71811fcd1,2026-08-13T17:19:20.431465+00:00
27,stageR1i_source_separated_bootstrap_95ci.csv,/content/drive/MyDrive/PDAC_Public_Q1_Project/02_Quality_Control/stageR1i_source_separated_bootstrap_95ci.csv,1311,6139317c17cc96a0b161ec4504987142c258bef336de7c33fea14b8648ab1207,2026-08-13T17:19:20.433179+00:00
28,stageR1i_msd_external_froc_operating_points.csv,/content/drive/MyDrive/PDAC_Public_Q1_Project/02_Quality_Control/stageR1i_msd_external_froc_operating_points.csv,513,5d8f735881c5f2511d8dcf75b63a97192fda033b3cfde897141ffb28b51ba826,2026-08-13T17:19:20.434943+00:00
