evidence_role,path,size_bytes,sha256,verified_at_utc
prefreeze_input_evidence,/content/drive/MyDrive/PDAC_Public_Q1_Project/02_Quality_Control/stageR1a_train_only_ssl_training_audit.json,2193,eba53862a3c4a234cf5e87e5e491f28656d1fc67ab6a8f22c6e7e9134dcc06fe,2026-08-12T16:43:25.523460+00:00
prefreeze_input_evidence,/content/drive/MyDrive/PDAC_Public_Q1_Project/02_Quality_Control/stageR1b_dual_arm_training_audit.json,3555,e7aa6582567d0149bb816ef74374a52161174155fed6bf00d8bad0e36ca7fe3a,2026-08-12T16:43:25.525004+00:00
prefreeze_input_evidence,/content/drive/MyDrive/PDAC_Public_Q1_Project/01_Metadata/stageR1c_supervised_model_selection.json,1170,59237975ac4cdfdde71b82464fa5b6f3b940c1b2ac1c2576ecce8121111ee4ec,2026-08-12T16:43:25.526564+00:00
prefreeze_input_evidence,/content/drive/MyDrive/PDAC_Public_Q1_Project/02_Quality_Control/stageR1c_full_validation_comparison_audit.json,3445,c3a9b8d4051366e554e4168c0f6e2472c7a77f9ad636952a9c5230a80cf96b7a,2026-08-12T16:43:25.528128+00:00
prefreeze_input_evidence,/content/drive/MyDrive/PDAC_Public_Q1_Project/01_Metadata/stageR1d_detection_and_froc_protocol.json,2791,6bafb5fc35287cd145df3ca750c2c9d0d7179506c86753933659c63d0d0d7b69,2026-08-12T16:43:25.529566+00:00
prefreeze_input_evidence,/content/drive/MyDrive/PDAC_Public_Q1_Project/02_Quality_Control/stageR1d_validation_froc_calibration_audit.json,3055,fcbb641a189ec8e9039e498aaa30f7658937c7f8a0a057c27b78da283e88099e,2026-08-12T16:43:25.531007+00:00
prefreeze_input_evidence,/content/drive/MyDrive/PDAC_Public_Q1_Project/02_Quality_Control/stageR1d_validation_candidate_case_ledger.csv,83086,05426574e405d851efc6bb4ecd2e3280dd6ecd35ab4946e5070d4ef1109475c7,2026-08-12T16:43:25.532744+00:00
prefreeze_input_evidence,/content/drive/MyDrive/PDAC_Public_Q1_Project/02_Quality_Control/stageR1d_validation_candidate_ledger.csv,433559,9b6caf3bc3d002ea6cea4023ed943e47add1b81bc3ffd012477e67ee279090de,2026-08-12T16:43:25.536271+00:00
prefreeze_input_evidence,/content/drive/MyDrive/PDAC_Public_Q1_Project/02_Quality_Control/stageR1d_validation_froc_curve.csv,98687,5c51dfccbfd6bec1933bb57dff70c356cd063097393eb8cd1e6dee3bbe943c73,2026-08-12T16:43:25.538173+00:00
prefreeze_input_evidence,/content/drive/MyDrive/PDAC_Public_Q1_Project/02_Quality_Control/stageR1d_validation_froc_operating_points.csv,513,9a02ef4fc536517afbbe5dc480ceb33e82aaf145255e4849b288846b3ffb0c6f,2026-08-12T16:43:25.539484+00:00
selected_model_checkpoint,/content/drive/MyDrive/PDAC_Public_Q1_Project/04_Models/Revision_R1/StageR1B_LeakageFreeDualArm/SSL_INITIALIZED/stageR1b_best.pt,19807417,f571a611c4125ef92b80c51e3276fb03a02d4073317aa2460dca1649ae655f81,2026-08-12T16:43:25.635246+00:00
