category,status,source_path,release_path,size_bytes,sha256,note
core_evidence,COPIED,01_Metadata/stage0f_locked_study_split_index.csv,01_Metadata/stage0f_locked_study_split_index.csv,941177,f9b8e5835df0ab00bd4b0f99bfa53ed110f77777f8b7f91eabe6b956c838bfc9,
core_evidence,COPIED,01_Metadata/stage0i_panorama_remote_zip_member_inventory.csv,01_Metadata/stage0i_panorama_remote_zip_member_inventory.csv,389815,133962e66e9faee6bd087094fbf9e94ec05e99d577ba0120de68b48a30f63038,
core_evidence,COPIED,01_Metadata/stage0i_panorama_remote_archive_source_audit.csv,01_Metadata/stage0i_panorama_remote_archive_source_audit.csv,1219,6ec311baf884d54b123ce7f3805d26bc25fcfd7a38d47b9a93ea2f3fb1e1f323,
core_evidence,COPIED,01_Metadata/stage0m_b_r_localizer_input_protocol.json,01_Metadata/stage0m_b_r_localizer_input_protocol.json,1488,ad7eb3af9a27909ff3b6f7c3bfa0d237109440a75da7b8453618ac2158552ba7,
core_evidence,COPIED,01_Metadata/stage2d_final_deployment_crop_geometry_protocol.json,01_Metadata/stage2d_final_deployment_crop_geometry_protocol.json,659,35645f8b32afd5a9bd979339021255fe99f9067c9e025239e812fe2e012cf80c,
core_evidence,COPIED,01_Metadata/stage3b_e5_frozen_dataset_manifest.csv,01_Metadata/stage3b_e5_frozen_dataset_manifest.csv,1901790,46648b3a8612bf1ee89b3a6b1082fb4c080db069d1fe998820c08b3f443b967e,
core_evidence,COPIED,01_Metadata/stage3b_e5_dataset_freeze_protocol.json,01_Metadata/stage3b_e5_dataset_freeze_protocol.json,1088,3866f89fa24503619ccf3dc12fa1686a9cce3bbf14dbc4184f3fcf6f775d9de8,
core_evidence,COPIED,02_Quality_Control/stage3b_e5_dataset_freeze_audit.json,02_Quality_Control/stage3b_e5_dataset_freeze_audit.json,5019,14f347e4abd2d0d4685f148dc1ae3dd2b334b9dc81f437012f48c6b6b06b89c3,
core_evidence,COPIED,01_Metadata/stageR1a_train_only_ssl_protocol.json,01_Metadata/stageR1a_train_only_ssl_protocol.json,1522,014ec036b98b3effb4a09f6aa25392aa6f295bc1784c62119d1937b240b9f898,
core_evidence,COPIED,02_Quality_Control/stageR1a_train_only_ssl_training_audit.json,02_Quality_Control/stageR1a_train_only_ssl_training_audit.json,2193,eba53862a3c4a234cf5e87e5e491f28656d1fc67ab6a8f22c6e7e9134dcc06fe,
core_evidence,COPIED,01_Metadata/stageR1b_validation_monitor_subset.csv,01_Metadata/stageR1b_validation_monitor_subset.csv,119074,fdec8649cfea8a390888af984eebfeed8f4c1a4c21420fe294b1972119ed1563,
core_evidence,COPIED,01_Metadata/stageR1b_dual_arm_training_protocol.json,01_Metadata/stageR1b_dual_arm_training_protocol.json,1018,1a123c9c2aed41374a1b0ab22ac1eee6ff0f4b214ae628ad1231f61602a392e4,
core_evidence,COPIED,02_Quality_Control/stageR1b_dual_arm_training_audit.json,02_Quality_Control/stageR1b_dual_arm_training_audit.json,3555,e7aa6582567d0149bb816ef74374a52161174155fed6bf00d8bad0e36ca7fe3a,
core_evidence,COPIED,01_Metadata/stageR1c_supervised_model_selection.json,01_Metadata/stageR1c_supervised_model_selection.json,1170,59237975ac4cdfdde71b82464fa5b6f3b940c1b2ac1c2576ecce8121111ee4ec,
core_evidence,COPIED,02_Quality_Control/stageR1c_full_validation_comparison_audit.json,02_Quality_Control/stageR1c_full_validation_comparison_audit.json,3445,c3a9b8d4051366e554e4168c0f6e2472c7a77f9ad636952a9c5230a80cf96b7a,
core_evidence,COPIED,01_Metadata/stageR1d_detection_and_froc_protocol.json,01_Metadata/stageR1d_detection_and_froc_protocol.json,2791,6bafb5fc35287cd145df3ca750c2c9d0d7179506c86753933659c63d0d0d7b69,
core_evidence,COPIED,02_Quality_Control/stageR1d_validation_froc_calibration_audit.json,02_Quality_Control/stageR1d_validation_froc_calibration_audit.json,3055,fcbb641a189ec8e9039e498aaa30f7658937c7f8a0a057c27b78da283e88099e,
core_evidence,COPIED,01_Metadata/stageR1e_prefreeze_model_threshold_lock.json,01_Metadata/stageR1e_prefreeze_model_threshold_lock.json,1593,3722cfde6bb77d8ec1855f214d3f7ef3eec19bb57f723ffe856f20f6dbce3901,
core_evidence,COPIED,01_Metadata/stageR1e_prefreeze_evidence_manifest.csv,01_Metadata/stageR1e_prefreeze_evidence_manifest.csv,2662,8cad4a91e3c4a1c4f4507f93baecddb19160e6f8ed3b87f37efad5ef5ab5aaf1,
core_evidence,COPIED,02_Quality_Control/stageR1e_prefreeze_model_threshold_audit.json,02_Quality_Control/stageR1e_prefreeze_model_threshold_audit.json,1928,da9471dce29ed24738b51f97cdcb278a191dd19efae96f9498e551756ab74b01,
core_evidence,COPIED,01_Metadata/stageR1f_i_blind_internal_test_prediction_manifest.csv,01_Metadata/stageR1f_i_blind_internal_test_prediction_manifest.csv,148654,3f2d35309014c760b8b81e97e1cec7fe1bdc1e5c47708e4ef1965586a2932297,
core_evidence,COPIED,01_Metadata/stageR1f_i_blind_internal_test_prediction_freeze.json,01_Metadata/stageR1f_i_blind_internal_test_prediction_freeze.json,1766,3bbc7a48ddd54f9d7c85eeb2466193c3406d242a878bfb30c1e09f21fb1ee502,
core_evidence,COPIED,02_Quality_Control/stageR1f_i_blind_internal_test_inference_audit.json,02_Quality_Control/stageR1f_i_blind_internal_test_inference_audit.json,1550,af1376e3f8d831482e62b0a92ee0be5e95eac87ac2aee82236b5d8b1f34e70dd,
core_evidence,COPIED,02_Quality_Control/stageR1g_internal_test_evaluation_audit.json,02_Quality_Control/stageR1g_internal_test_evaluation_audit.json,3668,77e7074e475a659b57f8cf448606f6fbce3df632fa9d72b7bb4a268944fe5479,
core_evidence,COPIED,01_Metadata/stageR1h_blind_external_test_prediction_manifest.csv,01_Metadata/stageR1h_blind_external_test_prediction_manifest.csv,141911,f152e013d4450d79ab99e7c4c2994f68fd310b34f533a642dd9501f7a7874766,
core_evidence,COPIED,01_Metadata/stageR1h_blind_external_test_prediction_freeze.json,01_Metadata/stageR1h_blind_external_test_prediction_freeze.json,1945,e8ba6ec23c668536b53e89f33845606c26756466a96815e7d7323b70b0af8d3a,
core_evidence,COPIED,02_Quality_Control/stageR1h_blind_external_test_inference_audit.json,02_Quality_Control/stageR1h_blind_external_test_inference_audit.json,1647,49ca54020aa43428112e484386da42e6ef447a1dce3f8c1cb56756e93562e491,
core_evidence,COPIED,02_Quality_Control/stageR1i_source_separated_external_evaluation_audit.json,02_Quality_Control/stageR1i_source_separated_external_evaluation_audit.json,2317,15c48f862fef3a077ce1e19d37e71a3db294b28ab1e4b49f41906abe40adad68,
core_evidence,COPIED,04_Models/Localizer/F1_96x96x160/stage2a_localizer_best.pt,04_Models/Localizer/F1_96x96x160/stage2a_localizer_best.pt,1906783,bbf2825174f2a93fe07d37fb3bbbc51b0e7767427007bd187931bc1534ca4978,
core_evidence,COPIED,04_Models/Revision_R1/StageR1A_TrainOnlyMaskedContext3DCNN/stageR1a_ssl_final.pt,04_Models/Revision_R1/StageR1A_TrainOnlyMaskedContext3DCNN/stageR1a_ssl_final.pt,19807971,2b9c89b54b4ff07bfa059090d3461e7cf7515d110ca9b151237a8e0db6e97b87,
core_evidence,COPIED,04_Models/Revision_R1/StageR1B_LeakageFreeDualArm/SSL_INITIALIZED/stageR1b_best.pt,04_Models/Revision_R1/StageR1B_LeakageFreeDualArm/SSL_INITIALIZED/stageR1b_best.pt,19807417,f571a611c4125ef92b80c51e3276fb03a02d4073317aa2460dca1649ae655f81,
core_evidence,COPIED,04_Models/Revision_R1/StageR1B_LeakageFreeDualArm/RANDOM_INITIALIZED/stageR1b_best.pt,04_Models/Revision_R1/StageR1B_LeakageFreeDualArm/RANDOM_INITIALIZED/stageR1b_best.pt,19807289,9ca78bb185ed3e4a4c6173daabdd91a6f0e83e25f3d2b713d42df7622e91d4b3,
final_R1J_evidence,COPIED,01_Metadata/stageR1j_revision_r1_final_evidence_manifest.csv,01_Metadata/stageR1j_revision_r1_final_evidence_manifest.csv,7363,e7e55ab884a07822b8cbce4cf6188e474afdace7c35d41457987eb3d24cede47,
final_R1J_evidence,COPIED,01_Metadata/stageR1j_revision_r1_final_evidence_freeze.json,01_Metadata/stageR1j_revision_r1_final_evidence_freeze.json,2024,d9e7edf6c61f29f41aa6f30683de5367cc639a090f7bb393cd8e8690ecd3d70b,
final_R1J_evidence,COPIED,02_Quality_Control/stageR1j_revision_r1_final_evidence_audit.json,02_Quality_Control/stageR1j_revision_r1_final_evidence_audit.json,2205,8c3212ea250a09b6c4849323b430ee78505ae5436bdd9044ef8d40b4aa1e6f33,
final_R1J_evidence,COPIED,03_Results/Revision_R1_Final/stageR1j_revision_r1_publication_metric_summary.csv,03_Results/Revision_R1_Final/stageR1j_revision_r1_publication_metric_summary.csv,1184,939282966482e699d2316aa33146a907979ae282b101168f474ae05452b49d01,
source_code,COPIED,01_Metadata/stage5a_supervised_segmentation_readiness_and_protocol_lock.py,05_Code/stage5a_supervised_segmentation_readiness_and_protocol_lock.py,24674,f385570c0a51288bc88fc650e30b310af2442c930e3d923d660ff769e0edf6af,
source_code,COPIED,01_Metadata/stage5b_resumable_dual_arm_supervised_training.py,05_Code/stage5b_resumable_dual_arm_supervised_training.py,40066,d5ced4cfaacb95b843e7709df109de7ffa07c8b7ed2b4f1f8fd9595ebfde2bd3,
source_code,COPIED,01_Metadata/stage5c_resumable_full_validation_comparison.py,05_Code/stage5c_resumable_full_validation_comparison.py,29040,a31998d4495527609b7dcd1cb97ac106155d275b38268b365370bae6dff4d880,
source_code,COPIED,01_Metadata/stage5d_resumable_validation_froc_calibration.py,05_Code/stage5d_resumable_validation_froc_calibration.py,38308,86b01a3b10c7081965a7080db341ed85856bba9c5486b5f9a18bd2c7ad040357,
